Category,Samples,Actual_Returns,Return_Rate_%,Accuracy,Precision,Recall,F1-Score
Electronics,607,104,17.1334431630972,0.8039538714991763,0.10526315789473684,0.019230769230769232,0.032520325203252036
Fashion,1104,346,31.34057971014493,0.4855072463768116,0.3302752293577982,0.6242774566473989,0.432
Home_Decor,289,55,19.031141868512112,0.7958477508650519,0.3888888888888889,0.12727272727272726,0.1917808219178082
